key,url,retrieved_at_utc,archive_status,local_capture,notes
S-001,local:/mnt/data/DEEP_DIVE_RESEARCH.md,2026-07-20T13:38:00Z,failed-unavailable,,No raw page copy stored; source metadata and public URL retained.
S-002,https://www.litellm.ai/,2026-07-20T13:38:00Z,failed-unavailable,,No raw page copy stored; source metadata and public URL retained.
S-003,https://docs.litellm.ai/docs/enterprise,2026-07-20T13:38:00Z,failed-unavailable,,No raw page copy stored; source metadata and public URL retained.
S-004,https://www.litellm.ai/enterprise,2026-07-20T13:38:00Z,failed-unavailable,,No raw page copy stored; source metadata and public URL retained.
S-005,https://github.com/BerriAI/litellm,2026-07-20T13:38:00Z,failed-unavailable,,No raw page copy stored; source metadata and public URL retained.
S-006,https://github.com/BerriAI/litellm/blob/litellm_internal_staging/LICENSE,2026-07-20T13:38:00Z,failed-unavailable,,No raw page copy stored; source metadata and public URL retained.
S-007,https://github.com/BerriAI/litellm/blob/litellm_internal_staging/enterprise/LICENSE,2026-07-20T13:38:00Z,failed-unavailable,,No raw page copy stored; source metadata and public URL retained.
S-008,https://github.com/BerriAI/litellm/blob/litellm_internal_staging/enterprise/README.md,2026-07-20T13:38:00Z,failed-unavailable,,No raw page copy stored; source metadata and public URL retained.
S-009,https://aws.amazon.com/marketplace/pp/prodview-gdm3gswgjhgjo,2026-07-20T13:38:00Z,failed-unavailable,,No raw page copy stored; source metadata and public URL retained.
S-010,https://www.ycombinator.com/companies/litellm,2026-07-20T13:38:00Z,failed-unavailable,,No raw page copy stored; source metadata and public URL retained.
S-011,https://jobs.ashbyhq.com/litellm/62213705-30b3-4988-8461-55c975fc2eac,2026-07-20T13:38:00Z,failed-unavailable,,No raw page copy stored; source metadata and public URL retained.
S-012,https://jobs.ashbyhq.com/litellm/8d6724de-8d9f-4db3-bf6c-4e44da296bc3,2026-07-20T13:38:00Z,failed-unavailable,,No raw page copy stored; source metadata and public URL retained.
S-013,https://www.ycombinator.com/companies/litellm/jobs/jqpzzbK-backend-mcp-engineer,2026-07-20T13:38:00Z,failed-unavailable,,No raw page copy stored; source metadata and public URL retained.
S-014,https://jobs.ashbyhq.com/litellm/8f1fe19b-7f83-4266-a04f-782dedb2c170,2026-07-20T13:38:00Z,failed-unavailable,,No raw page copy stored; source metadata and public URL retained.
S-015,https://jobs.ashbyhq.com/litellm/f7e671ef-8c36-4e1a-bfce-e7ed79b85c58,2026-07-20T13:38:00Z,failed-unavailable,,No raw page copy stored; source metadata and public URL retained.
S-016,https://github.com/BerriAI/litellm/issues/24518,2026-07-20T13:38:00Z,failed-unavailable,,No raw page copy stored; source metadata and public URL retained.
S-017,https://snyk.io/fr/blog/poisoned-security-scanner-backdooring-litellm/,2026-07-20T13:38:00Z,failed-unavailable,,No raw page copy stored; source metadata and public URL retained.
S-018,https://www.theregister.com/security/2026/03/24/litellm-infected-with-credential-stealing-code-via-trivy/5223422,2026-07-20T13:38:00Z,failed-unavailable,,No raw page copy stored; source metadata and public URL retained.
S-019,https://github.com/BerriAI/litellm/issues/14413,2026-07-20T13:38:00Z,failed-unavailable,,No raw page copy stored; source metadata and public URL retained.
S-020,https://github.com/BerriAI/litellm/issues/13642,2026-07-20T13:38:00Z,failed-unavailable,,No raw page copy stored; source metadata and public URL retained.
S-021,https://github.com/BerriAI/litellm/issues/13597,2026-07-20T13:38:00Z,failed-unavailable,,No raw page copy stored; source metadata and public URL retained.
S-022,https://github.com/BerriAI/litellm/issues/11552,2026-07-20T13:38:00Z,failed-unavailable,,No raw page copy stored; source metadata and public URL retained.
S-023,https://github.com/BerriAI/litellm/issues/16520,2026-07-20T13:38:00Z,failed-unavailable,,No raw page copy stored; source metadata and public URL retained.
S-024,https://github.com/BerriAI/litellm/issues/27276,2026-07-20T13:38:00Z,failed-unavailable,,No raw page copy stored; source metadata and public URL retained.
S-025,https://composio.dev/pricing,2026-07-20T13:38:00Z,failed-unavailable,,No raw page copy stored; source metadata and public URL retained.
S-026,https://composio.dev/mcp-gateway,2026-07-20T13:38:00Z,failed-unavailable,,No raw page copy stored; source metadata and public URL retained.
S-027,https://docs.composio.dev/docs/authentication,2026-07-20T13:38:00Z,failed-unavailable,,No raw page copy stored; source metadata and public URL retained.
S-028,https://docs.composio.dev/docs/sessions-via-mcp,2026-07-20T13:38:00Z,failed-unavailable,,No raw page copy stored; source metadata and public URL retained.
S-029,https://github.com/ComposioHQ/composio,2026-07-20T13:38:00Z,failed-unavailable,,No raw page copy stored; source metadata and public URL retained.
S-030,https://github.com/ComposioHQ/composio/blob/next/LICENSE,2026-07-20T13:38:00Z,failed-unavailable,,No raw page copy stored; source metadata and public URL retained.
S-031,https://github.com/ComposioHQ/composio/blob/next/README.md,2026-07-20T13:38:00Z,failed-unavailable,,No raw page copy stored; source metadata and public URL retained.
S-032,https://github.com/ComposioHQ/composio/blob/next/ts/packages/core/src/utils/constants.ts,2026-07-20T13:38:00Z,failed-unavailable,,No raw page copy stored; source metadata and public URL retained.
S-033,https://status.composio.dev/cmpfsnsg90241niri0xup1jnu,2026-07-20T13:38:00Z,failed-unavailable,,No raw page copy stored; source metadata and public URL retained.
S-034,https://modelcontextprotocol.io/specification/2025-11-25,2026-07-20T13:38:00Z,failed-unavailable,,No raw page copy stored; source metadata and public URL retained.
S-035,https://modelcontextprotocol.io/specification/2025-11-25/basic/transports,2026-07-20T13:38:00Z,failed-unavailable,,No raw page copy stored; source metadata and public URL retained.
S-036,https://modelcontextprotocol.io/specification/draft/basic/authorization,2026-07-20T13:38:00Z,failed-unavailable,,No raw page copy stored; source metadata and public URL retained.
S-037,https://modelcontextprotocol.io/docs/tutorials/security/security_best_practices,2026-07-20T13:38:00Z,failed-unavailable,,No raw page copy stored; source metadata and public URL retained.
S-038,https://blog.modelcontextprotocol.io/posts/2025-09-08-mcp-registry-preview/,2026-07-20T13:38:00Z,failed-unavailable,,No raw page copy stored; source metadata and public URL retained.
S-039,https://modelcontextprotocol.io/registry/moderation-policy,2026-07-20T13:38:00Z,failed-unavailable,,No raw page copy stored; source metadata and public URL retained.
S-040,https://github.com/IBM/mcp-context-forge,2026-07-20T13:38:00Z,failed-unavailable,,No raw page copy stored; source metadata and public URL retained.
S-041,https://ibm.github.io/mcp-context-forge/latest/overview/features/,2026-07-20T13:38:00Z,failed-unavailable,,No raw page copy stored; source metadata and public URL retained.
S-042,https://github.com/obot-platform/obot,2026-07-20T13:38:00Z,failed-unavailable,,No raw page copy stored; source metadata and public URL retained.
S-043,https://obot.ai/,2026-07-20T13:38:00Z,failed-unavailable,,No raw page copy stored; source metadata and public URL retained.
S-044,https://obot.ai/obot-cloud-trial/,2026-07-20T13:38:00Z,failed-unavailable,,No raw page copy stored; source metadata and public URL retained.
S-045,https://github.com/mcpjungle/MCPJungle,2026-07-20T13:38:00Z,failed-unavailable,,No raw page copy stored; source metadata and public URL retained.
S-046,https://github.com/metatool-ai/metamcp,2026-07-20T13:38:00Z,failed-unavailable,,No raw page copy stored; source metadata and public URL retained.
S-047,https://docs.docker.com/ai/mcp-catalog-and-toolkit/mcp-gateway/,2026-07-20T13:38:00Z,failed-unavailable,,No raw page copy stored; source metadata and public URL retained.
S-048,https://nango.dev/pricing/,2026-07-20T13:38:00Z,failed-unavailable,,No raw page copy stored; source metadata and public URL retained.
S-049,https://pipedream.com/docs/pricing,2026-07-20T13:38:00Z,failed-unavailable,,No raw page copy stored; source metadata and public URL retained.
S-050,https://pypi.org/project/litemcp/,2026-07-20T13:38:00Z,failed-unavailable,,No raw page copy stored; source metadata and public URL retained.
S-051,https://github.com/wong2/litemcp,2026-07-20T13:38:00Z,failed-unavailable,,No raw page copy stored; source metadata and public URL retained.
S-052,https://arxiv.org/abs/2607.10123,2026-07-20T13:38:00Z,failed-unavailable,,No raw page copy stored; source metadata and public URL retained.
S-053,https://arxiv.org/abs/2605.22333,2026-07-20T13:38:00Z,failed-unavailable,,No raw page copy stored; source metadata and public URL retained.
S-054,https://status.composio.dev/,2026-07-20T13:38:00Z,failed-unavailable,,No raw page copy stored; source metadata and public URL retained.
S-055,https://mcp-census.com/,2026-07-20T13:38:00Z,failed-unavailable,,No raw page copy stored; source metadata and public URL retained.
S-056,https://glama.ai/mcp/servers,2026-07-20T13:38:00Z,failed-unavailable,,No raw page copy stored; source metadata and public URL retained.
