path,size_bytes,sha256
00-status.md,3624,5a93cd7860da66ee9d5e3fc2427f77f9c84ed45bfc2354e6fdce410c6ad39e6b
01-intent-brief.md,3204,1e85a04de28b62aa15f5ea0003f5acee316cc2408232f1ce9c0f94ac6bfd1246
02-source-inventory.md,3721,41033df378334d9b55759f15a697c04e5009b796159d8e06ceeec4159f5b9f43
03-audience-and-thesis.md,3926,affd38912c88e25cf10785afdba81e4badbb59432af34247e44a3440ac013d05
04-domain-model.md,4490,022375558259b50fe86f234ba1113a9189d28dab0e2604ed5622903ff2f1829a
05-current-state-baseline.md,6471,0ddb073b0802ef1c9ea325b36b8489eab7630492eb59e0ca9338800bd995b5a5
06-headless-announcement-anatomy.md,5465,e859684887de259e171d705310248965129676d28eae8e6742836dc3baa3b893
07-feature-matrix.md,5692,0a5b41d08df48064dc9ce8dfe1f9610b204d8d6acac54b21834188a45440f2cb
08-api-surface-analysis.md,5833,ef3a97d7483fb816ec118d1735a9d9253943b8fb1fd6386509c4daf6325bcf27
09-data-model-and-events.md,5312,370a18caf98e88fbecabe619deca68b734797c8922c597ddde2a8677bbcd9ec7
10-identity-and-trust.md,5826,42c86bd67dfbadfd41cd88bcab8d07ca644ecc4c3e17ae3f5c1b9f9949b78138
11-ai-and-agent-surface.md,4751,90d969b41e52fd6b11831ad5cb98fc18c4c5889f4cc5c4b1ba1dfd1d23f7482b
12-developer-experience.md,4335,77f99a2384ae7a1e3b6d05813aba89cc4c33b599b5b12c492623f5a2364faaed
13-pricing-and-licensing.md,5979,9f3440a22d8092948aab3bd4905ef4679531608d601acfcd8d6d490158eaef9f
14-migration-and-coexistence.md,4842,2bf1a6fd17855afcebeb5f6ee9bd14719aa2fc5c8ba73a3b4910eff22b5ec97b
15-comparison-tables.md,5950,861b4f4cc69eea725a016c0651558f34ccc311deb98d39c9abeaa4a292bb5f34
16-community-signals.md,5009,9ab53ff80e5e247738bb4b357ca975001635c52b4685701dcb3edc5531c9c5cc
17-analyst-and-press-coverage.md,4547,d987b364e6e90ab87da8706cf5b6e98fe4a54e278605990dbc7f2e4e6f67fef1
18-timeline.md,4012,1a8ecf5213872f0097c1b141ae342e5d3d027c63a39cd421f74b916a6710ea52
19-evidence-ledger.md,19573,8a90ef289035834933aa311a6212e00179a2daa9f24e0fbdfa03632fefac0c9e
20-research-questions.md,5471,3cbd97aee8546d997b1475f83dd31524e29110ab7bbc793c5a438e6dc8d0d301
21-open-questions.md,4199,72d16eeec50afaabf3b39585969f0c5474921b773f1229b73c8a8d170333532b
22-contradictions.md,4092,d081cffffb87fdd0eced11cdfc17e127213022e79b4e5b85c642525539c52826
23-risks-and-unknowns.md,5211,1f6c764d20e9e2e0967c9fcf659fb80db6e216fb310dad707317ec06f807c181
24-glossary.md,5072,8271d57344f88f7abe91327589e0a2e98068b3a7ef9602059252ad543f3a2cb9
25-route-system-proposal.md,4404,0da5a732c807a324351f762c4c6bb9a01430b3eed31adde9ab96c0d7a660fd51
26-site-conversion-brief.md,4095,720b2a5c4c158c41b06e9672bc1c3306258962b07439336cba1e6efef0f02e64
27-research-log.md,5744,ee933b699767f7c713e31ac9cccbca92bdaba39c0d699acc49936a09677689e8
28-quality-review.md,5548,3ea2c1b6b3ee5063f597c14b3d3747df5a80e5af60ee4d9f4d2804037ad6b216
29-litemcp-business-model.md,7901,d90927870aa93607cda6b8a851374f1f8d13e9a41b237732c6fb646d1aca4eb1
30-go-to-market.md,6271,8eb21699feee6d30b20ee3916f88c5a0b9fd1c4767326953de82012498613cb8
31-financial-model.md,5572,845c0932bf8cb73bc62cd33fd66e61cac9c6875d96b1ad9225521271c76381e0
32-product-roadmap.md,5113,dbaa9c29c500ac223505f24fe94f30e45e2e4fba24146ef55418f12223872f91
33-decision-memo.md,5589,407d984d5effe754a82f2e64c45ee087acb30f2de9d36fc92f72462cda402348
README.md,4019,08a31f77bc3892353643a09ba874503c9117c0b84a6c307ba7ba729e5a024d3b
data/api-endpoints.csv,1563,6595621a487fdfe0aba05df8342a86dac7be677b821af891a51feba298dfcf37
data/feature-matrix.csv,1315,1005ac8c60e5b9d90d45265b9829dc6062c41fa39cd66908712ada397e2de2db
data/pricing-signals.csv,1059,fc75d610e6772ff41a4b5d668f44c1aea461688b4308cc22b9b6aad1f2cf1eb9
data/revenue-scenarios.csv,456,285b9c0b68a830f9a023ee311f52e6ad26729fadf6c7c713d829600362f5e61b
data/sentiment-samples.csv,977,fbfb0f84843fabfea292d8c047887080d8036b57773500ecb8152ce0743f1e39
data/timeline.csv,952,a5d7468565e096f911384f249447a15c7ec74ec7c8addc80bd0a4ccc6739b20a
data/unit-economics.csv,855,5d60f75393a690795e5e485d1deb1a671f32f8c4b0e9d4d2576126f268116597
diagrams/litellm-flywheel.mmd,244,6de343a041123c2a86e4fa5166aa75624ec613be36af78727b836ff6e9596dd1
diagrams/litemcp-architecture.mmd,975,163c093656961af91c259c291d7f496fc7a5e90c52baf7184267e43271b3357b
diagrams/litemcp-business-flywheel.mmd,392,acdc2260715d3e43de96d775a938cf0e9d2e0399d8b991db2f544196337ea170
diagrams/litemcp-packaging.mmd,407,9202259ca847f789ed09b479f23fac64666ec8d25c78558f84b37ad4935688ab
raw/captures/README.md,679,e2f58636a5f4240b33b7af2eefa6afa7bc2433b36aa18733e46c8aa9453011c6
raw/captures/capture-manifest.csv,9333,9c917ec1fbab3ea689ef4e3ec1d0b686c8a333b290402ff473ec018109256f14
raw/quotes.md,785,6d5147e5219aa9985da970c5b6b98f7b3d378260745127b2d2bd05b23035bf2e
raw/sources.csv,15890,5ed07b13ab758d1bd49918a23cd498de0374ebbed830ae2430804de09c87431d
raw/transcripts/README.md,129,5c569bac572c81d71835877d7593ea91c7b26095acb29cd3c023c9c408181121
raw/validation-report.json,764,51ddfa469a2cd43c91809711bdf2c79c7acabc4e9c115463adf38e3537dfbdaa
